,Billie,Fisher
,Gabriel,Miller
,Betty,Crawford
,Adam,Santos
,Katie,Cruz
,Devin,Roberts
,Doreen,Quinn
,Vanessa,Wagner
,Laverne,Pearson
,Timothy,Willis
,Bethany,Flowers
,Freda,Logan
,Josephine,Moss
,Theodore,Clayton
,Rogelio,Barrett
,Blanche,Jenkins
,Melinda,Carpenter
,Cameron,Bowers
,Jan,Shaw
,Allen,Ellis
,Jody,Lyons
,Josefina,Goodwin
,Joan,Morton
,Randal,Ray
,Sophie,Diaz
,Miguel,Richards
,Suzanne,Moody
,Faye,Ferguson
,Toby,Torres
,Erin,Kelly
,Ismael,Bowen
,Dolores,Ryan
,Patricia,Bridges
,Jodi,Marsh
,Ricky,Harris
,Laura,Osborne
,Loretta,Newman
,Rufus,Hampton
,Stacey,Guerrero
,Tracy,Collins
,Woodrow,Sutton
,Pete,Peterson
,Alice,Franklin
,Jessie,Taylor
,Rickey,Jefferson
,Earnest,Henderson
,Carolyn,Sparks
,Helen,Burgess
,Abel,Watts
,Tina,Hamilton
,Evelyn,Cannon
,Rosemarie,Davidson
,Ralph,Cox
,Brittany,Wheeler
,Teri,Ramos
,Eleanor,Berry
,Bernard,Estrada
,Wilfred,Martinez
,Norma,Gutierrez
,Theresa,Fleming
,Willie,Chandler
,Blanca,Elliott
,Emmett,Hart
,Ebony,Caldwell
,Becky,Patrick
,Carla,Welch
,Dewey,Massey
,Phillip,Jimenez
,Eric,Curry
,Rick,Lawson
,Chris,Mccormick
,Franklin,Lee
,Winifred,Hardy
,Jerome,Sanders
,Brandi,Potter
,Sammy,Goodman
,Terence,Spencer
,Herman,Stephens
,Brooke,Hanson
,Sue,Lopez
,Bob,Jacobs
,Reginald,Gilbert
,Gwendolyn,Morgan
,Jason,Garner
,Wayne,Sandoval
,Jerry,Rogers
,Dan,Young
,Micheal,Tyler
,Marcos,Burke
,Elvira,Watkins
,Jeremiah,Simpson
,Paul,Drake
,Margarita,Rios
,Mack,Dixon
,Cassandra,Harrison
,Glen,Weaver
,Debra,Gonzales
,Daniel,Shelton
,Alexis,Hansen
,Andres,Perkins