Jeremy,Pierce
Ray,White
Ron,Carlson
Gilberto,Chavez
Ellis,Elliott
Toby,Schultz
Garry,Ramsey
Lynn,Stevens
Marty,Banks
Moses,Rogers
Martin,Torres
Woodrow,Allen
Clay,Norris
Otis,Nelson
Mitchell,Simmons
Marvin,Wilkerson
Oliver,Newman
Leland,Higgins
Clifford,Guzman
Ronnie,Hughes
Wade,Miles
Cody,Soto
Chester,Yates
Bruce,Williams
Shawn,Hawkins
Nicolas,Cole
Cory,Jefferson
Angel,Mcguire
Reginald,Campbell
Javier,Russell
Preston,Ryan
Don,Salazar
Salvador,Park
Emmett,Ortiz
Travis,Ingram
Jeffrey,Mccoy
Elijah,Wong
Sean,Sutton
Thomas,Bass
Pete,Shelton
Clyde,Logan
Sergio,Sutton
Leo,Duncan
Mark,Guerrero
Tracy,Moran
Darrin,Green
Walter,Tyler
Stephen,Maldonado
Kerry,Morgan
James,Rodriquez
Wendell,Morton
Alberto,Ford
Keith,Chambers
Duane,Stevenson
Jim,Baldwin
Ramiro,Cruz
Harold,Ward
Ben,Vega
Calvin,Alvarez
Theodore,Brewer
Blake,Rodriguez
Roland,Ballard
Pat,Doyle
Eugene,Graves
Joey,Wright
Herbert,Wade
Richard,Mendez
Gerardo,George
Ruben,Garcia
Bob,Patrick
Perry,Cunningham
Billy,Hall
Luis,Taylor
Harvey,Gross
Robin,Leonard
Edgar,Fernandez
Danny,Johnson
Simon,Reese
Timmy,Pope
Cedric,Greene
Frankie,Waters
Elmer,Fisher
Irvin,Berry
Louis,Burton
Alan,Jenkins
Israel,Barber
Lloyd,Blake
Austin,Harrison
Andy,Mckenzie
Raymond,Bryan
Sammy,Mendoza
Clayton,Underwood
Victor,Schmidt
Wilfred,Henry
Rodolfo,Ortega
Russell,Richardson
Raul,Holloway
Edmund,Clayton
Norman,Porter
Jared,Gregory
Micheal,Mullins
Philip,Massey
Archie,Olson
Victor,Vega
Bob,Shelton
Frederick,Crawford
Leonard,Cannon
Don,Torres
Jerry,Vargas
Dwight,Kelley
Fred,Benson
Roman,Oliver
Sheldon,Jefferson
Guillermo,Cunningham
Tomas,Wagner
Salvador,Soto
Everett,Bridges
Shane,Mann
Andre,Castillo
Lamar,Baldwin
Erick,Howard
Caleb,Yates
Harry,Mendoza
Pablo,Shaw
Alton,Adkins
Perry,Lee
Johnny,Simon
Nathaniel,Collins
Lewis,Gray
Julius,Davidson
Ignacio,Schultz
Dustin,Wise
Walter,Copeland
Roy,Williamson
Nicolas,Lawson
Hugh,Lyons
Adam,Carter
Lucas,Freeman
Larry,Roberts
Jack,Gonzales
Zachary,Harmon
Jorge,Knight
Terry,Bryant
Levi,Dawson
Earl,Flowers
Melvin,Day
Bryan,Frazier
Darnell,Gutierrez
Harold,Ryan
Hugo,Foster
Arnold,Sullivan
Sherman,Ball
Jason,Mcdonald
Jerald,Hampton
Benny,Webster
Pedro,Bush
Arthur,Price
Charles,Santos
Alfonso,Arnold
Roger,Ruiz
Bennie,Sharp
Rogelio,Payne
Keith,Obrien
Gilbert,Goodwin
Marty,Hudson
Jackie,Salazar
Joe,Morton
Emmett,Bennett
Darrin,Harvey
Simon,Campbell
Hector,Sanders
Lester,Barnett
Elmer,Delgado
Wm,Holland
Wendell,Guzman
Paul,Medina
Cornelius,Lewis
Jordan,Page
Alonzo,Grant
Barry,Armstrong
Frankie,Rice
Curtis,Buchanan
Antonio,King
Josh,Parks
Christian,Chambers
Timmy,Montgomery
Garrett,Alexander
Jaime,Robinson
Matthew,Bishop
Martin,Peters
Roberto,Miller
Eduardo,Drake
Jerome,Sims
Byron,Dixon
Norman,Leonard
Garry,Stevens
Reginald,Perez
Cary,Graham
Myron,Weber
Drew,Rogers